<?xml version="1.0" encoding="UTF-8"?>
<project-private xmlns="http://www.netbeans.org/ns/project-private/1">
    <editor-bookmarks xmlns="http://www.netbeans.org/ns/editor-bookmarks/2" lastBookmarkId="0"/>
    <open-files xmlns="http://www.netbeans.org/ns/projectui-open-files/2">
        <group>
            <file>file:/Users/pramishluitel/Desktop/UTS%20/Fifth%20Semester/Web%20Services%20Development/NewFolder/WebsiteToBuild/web/index.jsp</file>
            <file>file:/Users/pramishluitel/Desktop/UTS%20/Fifth%20Semester/Web%20Services%20Development/NewFolder/WebsiteToBuild/web/welcome.jsp</file>
            <file>file:/Users/pramishluitel/Desktop/UTS%20/Fifth%20Semester/Web%20Services%20Development/NewFolder/WebsiteToBuild/web/register.jsp</file>
        </group>
    </open-files>
</project-private>
